Player ID,Sessions Played,Avg Session Duration (mins),Total Hours Played,Engagement Score,Spending (USD),New Player,Game Mode,Device Used
Player1889,88.0,52.54081305436026,228.48193466997648,6.569164868688968,181.99920245002846,Yes,BATTLEROYALE,Tablet
Playexxr7059,41.0,52.54081305436026,228.48193466997648,3.3547843519602103,181.99920245002846,Nxxo,Casual,PxxC1
Player6122,18.0,52.54081305436026,228.48193466997648,2.478128675241625,181.99920245002846,No,Straxxtegy,PxxC
player1987,79.0,160.0347848912363,228.48193466997648,8.107942799888844,181.99920245002846,No ,Battlexx Royale,PC1
player6339,81.0,,,,181.99920245002846,,Battlexx Royale,
player7586,39.0,163.77198208462167,228.48193466997648,2.3850025603053635,178.5472551212329,Nxxo,Casual,Tablet
Playexxr1886,92.0,163.77198208462167,456.46149248589705,2.3850025603053635,181.99920245002846,Yes ,Casual,PC 
Player6122,72.0,163.77198208462167,456.46149248589705,1.9789299496116015,332.79567564603184,Yes,Strategy ,Console 
Playexxr5697,73.0,163.77198208462167,456.46149248589705,1.9789299496116015,181.99920245002846,Yes,Battle Royale ,PC1
Player9447,33.0,30.31024270504682,456.46149248589705,4.81615217053735,133.1280951465335,Nxxo,Strategy ,
player4707,55.0,,,,181.99920245002846,,Battle Royale ,
Player6604,66.0,,,,181.99920245002846,,strategy,Mobile 
PLAYER5985,41.0,110.18142346483454,456.46149248589705,4.81615217053735,181.99920245002846,Yes,BattleRoyale,
PLAYER2259,97.0,5.579428316510322,456.46149248589705,6.718949154713185,181.99920245002846,yes,Adventure,Tabxxlet
Playexxr3673,92.0,30.66785431821144,453.8402287605709,3.4577158754826582,426.89300773700165,no,CASUAL,
Playexxr8457,70.0,30.66785431821144,492.78953374033546,2.7807948812431023,218.23191712265796,NO,BattleRoyale ,
Player5394,100.0,172.44238471369331,492.78953374033546,2.7807948812431023,181.99920245002846,No,casual,
player6918,99.0,48.19986649894886,492.78953374033546,2.7807948812431023,181.99920245002846,Yes,Battlexx Royale,PxxC
PLAYER7059,71.0,48.19986649894886,492.78953374033546,4.866696286510101,181.99920245002846,No,Adventure ,Tabxxlet
Player1507,27.0,81.25356850485097,492.78953374033546,7.944274416742768,181.99920245002846,NO,Straxxtegy,Conxxsole
Playexxr6410,54.0,81.25356850485097,492.78953374033546,7.944274416742768,181.99920245002846,Nxxo,casual,MOBILE
player8698,99.0,60.98185197531856,418.7900426431523,6.756617159490116,241.145196850196,no,battleroyale,Tablet 
player1685,23.0,81.67101457820874,338.9471246454796,6.963560976388792,150.95664965873317,Yes,Strategy,Mobile
PLAYER1294,71.0,140.4902679844712,262.9075262551227,6.963560976388792,58.891660469227446,Yes ,Strategy,Tabxxlet
Player6339,29.0,140.4902679844712,262.9075262551227,6.963560976388792,276.5092829334864,No,strategy,Mobile
Player5032 ,47.0,173.17852724373438,262.9075262551227,6.963560976388792,181.99920245002846,Yes,strategy,tablet
Player4865,46.0,173.17852724373438,262.9075262551227,1.17528725926665,181.99920245002846,Yes,BATTLE ROYALE,Tabxxlet
Player7833 ,78.0,168.3093294597053,262.9075262551227,1.633163145193309,410.35657432255096,No,Advexxnture,
Player4651,18.0,168.3093294597053,331.6402311945786,3.7990484696890983,181.99920245002846,Yxxes,Adventure,PC1
Player6038,44.0,108.87020389588024,331.6402311945786,3.7990484696890983,181.99920245002846,Yxxes,BattlexxRoyale,PC1 
Player5394 ,98.0,,,,181.99920245002846,,Casual,CONSOLE
Player8618 ,61.0,79.19144732170739,331.6402311945786,3.7990484696890983,181.99920245002846,Yes,Battle royale,Mobile
Player3007 ,91.0,79.19144732170739,331.6402311945786,8.249092039008492,181.99920245002846,Yes,BattleRoyale ,MOBILE
Player4828 ,61.0,79.19144732170739,331.6402311945786,6.162932380290823,5.362704115194794,Nxxo,Adventure,Mobile
PLAYER5394,93.0,138.22120437862586,331.6402311945786,6.162932380290823,181.99920245002846,NO,Adventure ,Mobile 
player8074,81.0,138.22120437862586,331.6402311945786,2.275487159195926,68.42494700753105,No ,Strategy,Pc
PLAYER6541,45.0,72.78443951030621,331.6402311945786,2.275487159195926,58.1452345339894,No ,Battle royale,Console
PLAYER8374,23.0,72.78443951030621,331.6402311945786,2.275487159195926,395.25043336142863,Yes ,BattleRoyale ,Conxxsole
Player1294,28.0,72.78443951030621,331.6402311945786,2.275487159195926,32.6739093025733,Yxxes,Casual,
PLAYER3824,94.0,107.78779247151706,331.6402311945786,2.275487159195926,181.99920245002846,No,BATTLE ROYALE,Mobile 
Playexxr2705,43.0,118.37797007790051,331.6402311945786,9.968436679327166,181.99920245002846,no,BATTLE ROYALE,
Playexxr6918,62.0,87.30476699263005,331.6402311945786,9.968436679327166,223.54175267941324,Yes ,Adventure,mobile
PLAYER9266,55.0,84.19828728229781,331.6402311945786,2.087269006275612,181.99920245002846,no,Strategy,PC 
Player9447 ,27.0,17.228182172788628,331.6402311945786,9.580326441381995,181.99920245002846,Yxxes,Straxxtegy,Pc1
Player4654,32.0,59.62342205846761,331.6402311945786,9.580326441381995,185.451149778824,Yxxes,BATTLEROYALE,CONSOLE
Player4407,28.0,,,,181.99920245002846,,BattleRoyale ,CONSOLE
Playexxr7320,98.0,110.48185872166594,308.6157798613017,2.52152193878086,181.99920245002846,Yes ,Strategy,PC1 
player2705,11.0,110.48185872166594,49.85882562172447,2.52152193878086,301.562090508197,No,battleroyale,PxxC1
Player3673 ,19.0,110.48185872166594,49.85882562172447,2.52152193878086,222.9135875245623,No,Adventure,Console 
PLAYER8457,96.0,91.10220716529084,49.85882562172447,2.52152193878086,181.99920245002846,Yxxes,Adventure,PxxC1
Player8074 ,48.0,16.963837076603834,49.85882562172447,9.248290174291816,3.2995723807864863,yes,Battlexx Royale,mobile
Playexxr7320,46.0,87.29485788227419,49.85882562172447,5.706797365991195,109.73300598531664,No ,Adventure ,
player3784,46.0,87.29485788227419,49.85882562172447,3.662490000677143,181.99920245002846,Yxxes,Adventure ,MOBILE
player6356,94.0,33.037297414934486,49.85882562172447,1.2209923455397014,138.413699020906,Yes,battle royale,CONSOLE
PLAYER4654,75.0,33.037297414934486,49.85882562172447,1.2209923455397014,181.99920245002846,Yes,adventure,PxxC
Player9053,50.0,145.5835318013231,49.85882562172447,4.235457242960605,181.99920245002846,Yes,BattlexxRoyale,Console
Playexxr7382,91.0,145.5835318013231,49.85882562172447,6.175320514405847,83.54106612791124,YES,Advexxnture,Console 
player9345,73.0,145.5835318013231,452.4135933142828,6.175320514405847,181.99920245002846,No,adventure,Tabxxlet
PLAYER8074,72.0,170.56836990411193,452.4135933142828,8.102841738677146,181.99920245002846,yes,Adventure ,PxxC1
Player4394 ,23.0,25.336340840194342,452.4135933142828,8.102841738677146,181.99920245002846,Yxxes,Strategy,pc1
Player3673 ,46.0,25.336340840194342,452.4135933142828,8.803033207598183,108.70668872632766,Yxxes,battle royale,Mobile
Player9345,52.0,179.87140695099347,452.4135933142828,8.803033207598183,181.99920245002846,No,Casual,PxxC1
player7586,65.0,119.52425633134526,452.4135933142828,4.5113431692000745,181.99920245002846,Yxxes,Battle royale,mobile
player6475,34.0,119.52425633134526,452.4135933142828,4.5113431692000745,181.99920245002846,Yxxes,BattleRoyale ,Console
Player3637 ,83.0,,,,331.8063707606002,,Battleroyale,Pc1
player6622,92.0,110.50174174625062,452.4135933142828,4.5113431692000745,181.99920245002846,Yes,BattleRoyale ,Console 
Player7413 ,27.0,77.58196816173805,452.4135933142828,4.5113431692000745,281.6938028397737,NO,Straxxtegy,
Player9364,16.0,151.8222070232947,452.4135933142828,4.5113431692000745,181.99920245002846,NO,Strategy ,PC 
Playexxr9345,41.0,,,,181.99920245002846,,CASUAL,Mobile
player4407,41.0,151.8222070232947,452.4135933142828,6.181375826894329,181.99920245002846,No,Strategy,Mobxxile
Playexxr7299,100.0,151.8222070232947,325.58705378451856,6.181375826894329,181.99920245002846,Yxxes,Casual,MOBILE
Player8912,23.0,136.18843549651612,346.7907526919135,6.051897019347947,181.99920245002846,NO,BattlexxRoyale,Pc1
PLAYER8698,98.0,136.18843549651612,346.7907526919135,7.689506424107912,181.99920245002846,yes,BattlexxRoyale,mobile
PLAYER6582,77.0,136.18843549651612,346.7907526919135,7.689506424107912,181.99920245002846,NO,Battle royale,PC
player5697,16.0,77.09098100607059,346.7907526919135,7.689506424107912,181.99920245002846,Yes,battleroyale,
PLAYER7105,49.0,77.09098100607059,327.30380378773725,4.979640963980298,259.6904319060006,yes,casual,pc
Playexxr5394,63.0,77.09098100607059,327.30380378773725,5.027611233409621,78.38951385703253,YES,casual,PxxC
player7299,96.0,98.00404417280414,82.20786915318857,8.263048351666992,181.99920245002846,yes,strategy,PxxC
Player8698 ,46.0,,,,181.99920245002846,,Casual ,mobile
player8940,17.0,,,,181.99920245002846,,Casual ,tablet
player8074,48.0,142.21053515643283,387.7647989144925,8.263048351666992,181.99920245002846,NO,Battle royale,Mobile
Player7586,33.0,121.44833570824008,387.7647989144925,1.666894999089205,181.99920245002846,Yxxes,Battle royale,console
player7059,11.0,119.57731216038502,492.6128375178819,2.034601895601021,181.99920245002846,Yes,Strategy ,Tabxxlet
Player8457,99.0,85.57375773439543,492.6128375178819,2.034601895601021,181.99920245002846,no,adventure,
Playexxr4407,59.0,,,,181.99920245002846,,Strategy,PC1
Playexxr4651,85.0,85.57375773439543,50.68334160959475,2.034601895601021,181.99920245002846,no,Casxxual,Mobile
Player5985 ,1.0,121.91539542050997,50.68334160959475,2.971871213433759,229.92073497026544,no,Battle royale,
Player2397,46.0,154.116964467719,50.68334160959475,2.971871213433759,181.99920245002846,Nxxo,Adventure ,
Playexxr5817,32.0,154.116964467719,50.68334160959475,8.783257373739955,181.99920245002846,Yes ,casual,Tabxxlet
Player1987 ,33.0,154.116964467719,50.68334160959475,4.261746080803207,181.99920245002846,Yes ,Battle Royale,console
Player3943 ,83.0,154.116964467719,50.68334160959475,5.782897416544957,181.99920245002846,no,Strategy,Pc
player5936,50.0,42.92780167361703,50.68334160959475,9.199627266288443,364.86721631971335,No,Strategy,MOBILE
Player7105 ,39.0,42.92780167361703,50.68334160959475,9.199627266288443,181.99920245002846,Yes ,Casual,PC1
Player8624,27.0,42.92780167361703,463.2590168036516,9.199627266288443,181.99920245002846,YES,Strategy ,Mobile
player6443,64.0,42.92780167361703,346.61735112488765,9.199627266288443,181.99920245002846,Nxxo,battleroyale,Tablet
Playexxr1886,19.0,42.92780167361703,346.61735112488765,4.003465454186202,181.99920245002846,YES,BATTLE ROYALE,PC
player3679,44.0,,,,181.99920245002846,,ADVENTURE,PC1 
Player9266 ,4.0,112.9402648231098,346.61735112488765,4.003465454186202,181.99920245002846,no,Casual,PC 
PLAYER8624,100.0,167.14004737050604,346.61735112488765,4.160892177392691,181.99920245002846,Yes ,Battle Royale ,Tablet 
PLAYER5394,58.0,167.14004737050604,465.1546804014,2.4854282156211696,181.99920245002846,No,Adventure ,
Player3007,61.0,79.19144732170739,465.1546804014,2.4854282156211696,181.99920245002846,No,strategy,CONSOLE
Player3003,91.0,79.19144732170739,465.1546804014,6.175320514405847,83.54106612791124,Yes,adventure,Mobxxile
player5394,81.0,79.19144732170739,465.1546804014,2.275487159195926,68.42494700753105,Nxxo,Strategy,PC
Player7152 ,27.0,81.25356850485097,465.1546804014,7.944274416742768,181.99920245002846,Yes,Advexxnture,PxxC
Player1294 ,100.0,167.14004737050604,465.1546804014,4.160892177392691,181.99920245002846,Yxxes,Casxxual,PC 
Player7382,66.0,48.44672058411787,465.1546804014,4.160892177392691,181.99920245002846,No ,battle royale,PC1 
PLAYER6582,88.0,48.44672058411787,465.1546804014,6.569164868688968,181.99920245002846,No ,BATTLE ROYALE,PC1
PLAYER4407,73.0,48.44672058411787,452.4135933142828,6.569164868688968,181.99920245002846,No,STRATEGY,PxxC
Playexxr6475,52.0,179.87140695099347,452.4135933142828,6.569164868688968,181.99920245002846,yes,battle royale,Pc1
Playexxr7320,55.0,84.19828728229781,452.4135933142828,2.087269006275612,181.99920245002846,No,STRATEGY,Console
player5394,81.05101685542087,79.15478111023536,465.2062270942408,2.2813472702893463,68.33434482271714,Nxxo,Strategy,PC
Playexxr7320,46.18731595505318,87.27854700394198,49.764109130165664,5.661737941771908,109.74300003336462,No ,Adventure ,
Player7105 ,38.834618811369936,42.96117093320075,50.705699032635664,9.16765347174366,181.93821227816028,Yes ,Casual,PC1
Playexxr3673,92.02267258828354,30.62953542291517,453.83022158467094,3.395098335428883,427.00282209775935,no,CASUAL,
PLAYER6582,87.9617043960489,48.3221797697321,465.0782676583242,6.6487856200368345,181.87138042498938,No ,BATTLE ROYALE,PC1
Player8912,22.867433802725962,136.14623537614105,346.5981390329623,6.00520982491964,181.86506598248445,NO,BattlexxRoyale,Pc1
Player3673 ,45.96369795193828,25.448299580764854,452.4146181885507,8.719323191000774,108.69053055754895,Yxxes,battle royale,Mobile
Playexxr6410,54.084595855107004,81.2363691836671,492.67352001117337,7.753059453068782,182.12676059546433,Nxxo,casual,MOBILE
player5394,81.18056779192324,79.26061342507431,465.3263404960965,2.2766391452750905,68.53590896602647,Nxxo,Strategy,PC
player7059,11.090234977765805,119.60761574720601,492.56179411249275,1.9302085341425852,182.1666525356035,Yes,Strategy ,Tabxxlet
Player5985 ,0.9246217377176444,121.89511404279101,50.619472821218025,2.9750487421646947,229.84357680765203,no,Battle royale,
player5697,15.940989550712834,77.15771910997664,346.9941586621582,7.676188076242294,181.92446021368073,Yes,battleroyale,
player5697,16.004900521143448,76.99885675613376,346.6635907989891,7.75841463052962,182.01107854580604,Yes,battleroyale,
Player2397,45.85440102067409,154.12214677561013,50.62464180262186,3.015611171969928,181.96678664879335,Nxxo,Adventure ,
PLAYER5394,58.12716906375384,167.14623725407574,465.01466768478286,2.4407870024516876,182.091781886445,No,Adventure ,
Player7152 ,26.931209053997254,81.38887495942996,465.17396549697105,7.946754519504656,182.11129222448386,Yes,Advexxnture,PxxC
PLAYER1294,71.08645172036414,140.5078261839662,262.8538310380095,7.068776981872059,58.91303541413941,Yes ,Strategy,Tabxxlet
Player6122,18.065575613265302,52.60308606537852,228.3207733091754,2.4166718825000104,181.8348370569828,No,Straxxtegy,PxxC
player8698,98.99470714292084,61.03241886357207,418.70564767777773,6.649848716449566,241.22541079183688,no,battleroyale,Tablet 
player3784,45.97889895243132,87.14824233312692,49.50511504850571,3.684504367757938,182.0088008126846,Yxxes,Adventure ,MOBILE
Playexxr7059,41.050006715990655,52.531319217253355,228.43598148586887,3.322678195545292,182.03073735694272,Nxxo,Casual,PxxC1
Player2397,46.1284884294013,153.96070627970235,50.780982861596804,3.051142478297901,182.14240721059892,Nxxo,Adventure ,
PLAYER4407,72.90514870218959,48.15128024559747,452.479986356289,6.526434730191222,182.12704666698252,No,STRATEGY,PxxC
Player6038,43.81315848411149,108.91086647564656,331.68964468309474,3.723297800502377,181.93916281153162,Yxxes,BattlexxRoyale,PC1 
PLAYER8374,22.848281782071755,72.85659922058905,331.6492763860911,2.4869373322336346,395.2523631826087,Yes ,BattleRoyale ,Conxxsole
Playexxr7059,40.94438604994333,52.60252377581423,228.52407627681893,3.460895721294826,182.0262164648763,Nxxo,Casual,PxxC1
player6475,34.06130196184131,119.51830267486376,452.3372192310297,4.393359474642716,181.90038837246152,Yxxes,BattleRoyale ,Console
Player4394 ,23.114483643511285,25.26274286143062,452.46760120864195,8.131651811665254,181.95972764451028,Yxxes,Strategy,pc1
Playexxr6410,53.80089388835716,81.23521519099717,492.9034067097325,8.007639825064233,181.99475260046052,Nxxo,casual,MOBILE
Player3007 ,91.16254948316954,79.32777107842703,331.54966250983347,8.197655036256101,181.89986201436756,Yes,BattleRoyale ,MOBILE
PLAYER7105,48.927087641672564,77.22392733857798,327.33289424218697,5.257720620590887,259.7445394099987,yes,casual,pc
player9345,72.7005825361833,145.7162293897016,452.3135549428287,6.243419522649257,182.09270511704585,No,adventure,Tabxxlet
player8698,99.13699405902645,61.07550925449571,418.8489155065689,6.673055707363031,241.04819020531852,no,battleroyale,Tablet 
PLAYER4407,72.74188846749131,48.25619334760461,452.4729350755877,6.479295558147478,181.98490376053795,No,STRATEGY,PxxC
Playexxr5817,32.10188245013621,154.07517569848878,50.637988748811765,8.840941436754772,181.89918999031926,Yes ,casual,Tabxxlet
Player3673 ,18.884278240842146,110.5080188820227,49.76262681360592,2.3759339305678937,222.91964749107262,No,Adventure,Console 
Player3943 ,83.20331572320818,154.2964446625341,50.62625622458953,5.8090809192725095,182.04621569699498,no,Strategy,Pc
PLAYER8074,72.15815368753404,170.67742384179004,452.4864102865004,8.108297766812793,181.880333143887,yes,Adventure ,PxxC1
Playexxr6918,62.13646293635326,87.23363907053478,331.7711441816001,10.043636816181907,223.4660512860658,Yes ,Adventure,mobile
player5936,50.010367181794166,42.87720330252386,50.691820958418774,9.22255860686069,365.01224293639905,No,Strategy,MOBILE
Player4394 ,22.866524931038047,25.1164185478744,452.47907342270634,8.091245660494828,181.8619008160429,Yxxes,Strategy,pc1
player8940,17.0331975916865,,,,182.05064892709453,,Casual ,tablet
Playexxr3673,91.8868115063568,30.637071340154463,453.81524075214116,3.4501147952595663,426.7995722002693,no,CASUAL,
Player9345,51.8712765723165,179.92745876203801,452.39715276433725,8.764225031167394,182.043847519575,No,Casual,PxxC1
Player9345,51.8492586697255,179.9251917763667,452.4616030970959,8.793560508245926,182.00856742618203,No,Casual,PxxC1
Playexxr7320,98.03788859367144,110.41989796398211,308.5744387745049,2.6379243084038597,182.0644444549045,Yes ,Strategy,PC1 
Player9345,52.11916330194867,179.7144156683967,452.60874411869196,8.818635232983775,182.22944075242793,No,Casual,PxxC1
Player8074 ,47.94389464486573,17.15030919335655,49.90224023167599,9.279868161434734,3.3412870711911786,yes,Battlexx Royale,mobile
PLAYER4407,72.983751462854,48.34673094129598,452.38606793555573,6.416365750470577,182.121853096893,No,STRATEGY,PxxC
PLAYER4654,75.02625009167734,33.02309159206001,49.7077853127148,1.121630668245005,182.19020338047153,Yes,adventure,PxxC
player6475,34.01559616133997,119.53656434970861,452.3631464585968,4.404037229797529,182.0758869788379,Yxxes,BattleRoyale ,Console
Player6122,18.251982128145464,52.55489221869171,228.64913155995842,2.475734277087233,182.1588138873183,No,Straxxtegy,PxxC
Player3007,60.855984112633855,79.36823558908458,464.86886640257876,2.602325990726089,182.05949871768476,No,strategy,CONSOLE
Player8074 ,48.0148195319657,17.074585297490852,49.846072691941245,9.281790692632022,3.187987356617367,yes,Battlexx Royale,mobile
Playexxr1886,91.97623638427523,163.84236339179176,456.56320618121896,2.306826236462117,181.96087127644046,Yes ,Casual,PC 
Playexxr6410,54.08456188451076,81.29124098234887,492.81745637909745,8.067678889626848,181.9223279506573,Nxxo,casual,MOBILE
PLAYER8698,98.05971829682437,135.9661311711946,346.65300375025146,7.8034230440355055,182.03877405093164,yes,BattlexxRoyale,mobile
Player1294,27.970821953214855,72.79172043612829,331.62556245397036,2.491151827415831,32.67715452429204,Yxxes,Casual,
player6918,99.0716881540182,48.24802383233415,492.7207310248356,2.7949680959017154,181.88832515771588,Yes,Battlexx Royale,PxxC
player1987,79.02270162938625,159.99662330651663,228.41638069511694,8.295382036280847,181.9512222431613,No ,Battlexx Royale,PC1
Playexxr5817,31.796753062240242,154.19222706986898,50.57471319134042,8.852089218415793,182.16834477248156,Yes ,casual,Tabxxlet
Player4394 ,23.105389743475428,25.12947622331771,452.5261193547362,8.033693560263009,181.8397511079636,Yxxes,Strategy,pc1
PLAYER2259,97.17221727270272,5.522754447825015,456.4378343585417,6.654072751329996,182.02903424813712,yes,Adventure,Tabxxlet
Playexxr5697,73.02205444653428,163.7313604152861,456.45664141087286,2.1147714281976757,181.98576760764598,Yes,Battle Royale ,PC1
Player1987 ,33.109192514395204,154.07136686136596,50.66518573142162,4.289512634856633,182.025304483006,Yes ,Battle Royale,console
player3784,46.030774830007296,87.28365745275202,50.05755408252432,3.6792641913685027,182.00347769213033,Yxxes,Adventure ,MOBILE
Playexxr7059,41.06245942222209,52.48014719317456,228.38323420711112,3.326656370816592,182.07629188140712,Nxxo,Casual,PxxC1
Player8457,98.90544277963086,85.38704333626667,492.75049824587705,2.0447575776556857,182.03668895068384,no,adventure,
player5936,50.028714004417964,42.90520991149693,50.56265191873969,9.174483251502858,364.8696730349263,No,Strategy,MOBILE
Player4394 ,22.947925118200466,25.35141911661257,452.3752946176764,8.160208353229992,181.97905717460782,Yxxes,Strategy,pc1
Playexxr7299,99.7840717905188,151.75119844230986,325.7223540778854,6.166007680210672,181.93249108327936,Yxxes,Casual,MOBILE
Player9447 ,26.952686560595325,17.227404841216277,331.76049223529714,9.342398150586687,181.9477074636549,Yxxes,Straxxtegy,Pc1
Player6122,72.08165312157521,163.92351839009424,456.47648585128354,1.9493978390594013,332.7257556158025,Yes,Strategy ,Console 
Playexxr7320,98.10084460360471,110.54427396778767,308.5115360193539,2.443309634338444,182.03641948901227,Yes ,Strategy,PC1 
PLAYER5394,93.04947219463891,138.2727175545753,331.4691302047518,6.297710750326008,181.86384979808378,NO,Adventure ,Mobile 
player7299,95.82943345139546,98.02095639770153,82.20377519897835,8.342854540217045,181.7306403133671,yes,strategy,PxxC
player8074,48.06960634385767,142.1605229413984,387.5309575890625,8.28147757240469,182.1218077373952,NO,Battle royale,Mobile
player8074,80.88816070473942,138.21665123969075,331.6421415780863,2.395880533365868,68.47464022913398,No ,Strategy,Pc
PLAYER8457,96.1709722524977,91.09321374859601,49.795514655677025,2.491438690217449,182.02684553281725,Yxxes,Adventure,PxxC1
Player7152 ,27.02939666491111,81.35769917342215,465.0890098442386,7.884648793321241,182.10226481527582,Yes,Advexxnture,PxxC
player1987,79.02227563921086,160.00897316810313,228.5597526148341,8.025068906933933,182.03487588399312,No ,Battlexx Royale,PC1
Playexxr7059,40.911945168159846,52.526371808122164,228.36456127647196,3.553765402563674,181.95205348309594,Nxxo,Casual,PxxC1
player7586,39.00192705345532,163.65850539799825,228.5031251285558,2.337020679659096,178.64429952725573,Nxxo,Casual,Tablet
player6356,94.21402818111343,33.006110649439115,49.86981961345115,1.2886416511852217,138.34666478902363,Yes,battle royale,CONSOLE
Player7382,66.01736669221482,48.47682773050819,465.1526504543369,4.133333687388891,181.87189718302423,No ,battle royale,PC1 
player1987,79.06652755219274,160.01781084584007,228.63231584501668,7.998936668971609,182.03030632839977,No ,Battlexx Royale,PC1
player6356,94.06220349639757,32.97026412921614,49.93399549540178,1.2703121771134054,138.34356871393152,Yes,battle royale,CONSOLE
Player7105 ,38.96688716023931,42.843913167125905,50.747741600443455,9.110125188921838,181.8616541579288,Yes ,Casual,PC1
player7586,64.98696139110187,119.40968910623188,452.2906559442189,4.379557929026048,182.02432419184413,Yxxes,Battle royale,mobile
player6918,99.05838987337378,48.36274431451584,493.03823948871144,2.8909815740678657,182.07920771968617,Yes,Battlexx Royale,PxxC
Player1987 ,32.83215003381287,153.9948940799612,50.449405061101764,4.199117921836775,181.99788218008428,Yes ,Battle Royale,console
Player9447 ,26.927520891202786,17.26564628241187,331.58750863835934,9.490686136787946,181.98376241619857,Yxxes,Straxxtegy,Pc1
Player4828 ,61.02478315396414,79.0201376342183,331.6758961435918,6.1776813136757704,5.332485282215939,Nxxo,Adventure,Mobile
PLAYER6582,76.99167960131757,136.16727042012093,346.79466238439676,7.603809642398088,181.95751624779712,NO,Battle royale,PC
Player9345,52.082872102218765,179.91379756422282,452.2987742550584,8.763473430668544,181.93298786917146,No,Casual,PxxC1
PLAYER5394,57.968620233237,167.01243902474835,465.1514809647084,2.490410565091484,182.06782579341876,No,Adventure ,
PLAYER2259,97.06115986702929,5.435038413280065,456.43796161829465,6.743701608924606,182.10673515535888,yes,Adventure,Tabxxlet
player6443,64.10209149859884,42.91691125820567,346.75680870866114,9.332128831333092,181.88212149048334,Nxxo,battleroyale,Tablet
player2705,10.935776716872496,110.49098582432708,49.78719475052576,2.637797731789206,301.75136976393367,No,battleroyale,PxxC1
Playexxr3673,91.9859363850099,30.723978216906456,453.8767194189125,3.4215733659679373,426.7997313302745,no,CASUAL,
Player8912,23.080926194535557,136.0770301740106,346.7042988760918,5.9355592077839185,181.84481131766032,NO,BattlexxRoyale,Pc1
player7299,95.97290332235694,98.03438798487154,82.24495970060474,8.277236863079791,181.95961432533252,yes,strategy,PxxC
Player5985 ,0.970188327980026,121.89909626011047,50.71009716085821,2.9607655587697805,229.885132786874,no,Battle royale,
Player9345,52.118324187819674,179.91013505683034,452.47483418362475,8.882052107011045,181.97566546014053,No,Casual,PxxC1
PLAYER3824,93.95159219261123,107.71794979878335,331.52665476368446,2.283196765069997,182.01196739310225,No,BATTLE ROYALE,Mobile 
Playexxr4407,58.96924989544515,,,,182.06355526281533,,Strategy,PC1
player8940,17.011543397273567,,,,182.0794906410868,,Casual ,tablet
Playexxr6475,52.15025520803916,180.00930359377085,452.318332238623,6.546827744604709,182.13963191249817,yes,battle royale,Pc1
Player7586,33.10068149098237,121.28939645130704,387.80394468703236,1.5651231357440474,182.06574633976615,Yxxes,Battle royale,console
player3784,45.77662146269376,87.25489126526482,49.9155350355295,3.7911292884652457,182.0650212114411,Yxxes,Adventure ,MOBILE
PLAYER1294,71.0208321438266,140.4993008231772,262.92232961214546,6.89497970610981,59.022354588259134,Yes ,Strategy,Tabxxlet
Player5032 ,47.04510249756629,173.3077531066374,262.78337456320736,6.791563993953551,181.95091007964302,Yes,strategy,tablet
Playexxr5817,32.021292432166454,154.2149872713596,50.849048059527185,8.942204207861131,181.90271247457616,Yes ,casual,Tabxxlet
Player4394 ,23.07277704800693,25.18852911663264,452.55610222669264,8.05886689583629,182.04510108550593,Yxxes,Strategy,pc1
Playexxr6475,52.06667821647747,179.89688324917438,452.5241012935719,6.568199140623161,181.95601366573712,yes,battle royale,Pc1
Playexxr2705,43.00054150320754,118.47742603185047,331.48054647275234,9.901962886461657,181.94880469253755,no,BATTLE ROYALE,
Player4651,17.99645058011595,168.51724156695127,331.62314676943197,3.9381967983850417,182.07461622025227,Yxxes,Adventure,PC1
Playexxr3673,91.98657950387066,30.68888878275378,453.894546015412,3.6170370309809248,426.9333006733842,no,CASUAL,
Player4654,31.997973926076902,59.51211563524518,331.6212913379764,9.601905768462327,185.4032843983135,Yxxes,BATTLEROYALE,CONSOLE
Player3637 ,82.79705609091907,,,,331.83352243222606,,Battleroyale,Pc1
Playexxr5817,32.01835372104038,154.16132529551192,50.64560936884565,8.94205511576812,181.9299435107563,Yes ,casual,Tabxxlet
Playexxr7299,100.11985832530013,151.88395934120777,325.3925275830807,6.28580496444244,181.99062527371018,Yxxes,Casual,MOBILE
Playexxr5697,72.96247664153374,163.88630817410208,456.4222189490073,1.9848482053024339,182.02896445717792,Yes,Battle Royale ,PC1
Player2397,46.09300448077357,154.01854604400626,50.58225076308871,2.748875482747003,181.88803321520467,Nxxo,Adventure ,
Player1889,87.96522026332514,52.52493878205114,228.57086835144764,6.537411398616207,182.11198721504775,Yes,BATTLEROYALE,Tablet
PLAYER4407,72.97086536447127,48.51469194148852,452.39446170036956,6.461595752368677,181.90151565764592,No,STRATEGY,PxxC
Player6122,71.97212944462304,163.724064551811,456.5747240343974,1.888393798761458,332.6974557647797,Yes,Strategy ,Console 
Player2397,46.14802426671758,153.99603043180767,50.79844520824462,2.8891737594167104,182.08725407175135,Nxxo,Adventure ,
player7586,64.94885746502226,119.3918676999061,452.5061716122158,4.649906967899208,181.8241466212698,Yxxes,Battle royale,mobile
player4707,55.102422478870686,,,,181.97086142577777,,Battle Royale ,
player8074,48.0751854474034,142.14640189938257,387.5599179874995,8.09657333680764,181.81123492107614,NO,Battle royale,Mobile
Player6122,72.06286210102392,163.86476673760092,456.50905604382666,1.8981317212889421,332.9341402867741,Yes,Strategy ,Console 
PLAYER5394,92.81547714670172,138.1563456542199,331.51240701147003,6.20963124154281,181.94010500761624,NO,Adventure ,Mobile 
PLAYER5394,92.93617200761207,138.23488154305483,331.5630102785132,6.170325073570299,182.01631174567805,NO,Adventure ,Mobile 
Player3007 ,90.92716986084552,79.03590867736564,331.62267093943757,8.249572730806312,182.13237604349266,Yes,BattleRoyale ,MOBILE
player6339,81.09220390900045,,,,182.12784976115682,,Battlexx Royale,
Player7382,65.94788413075237,48.50738080611399,465.03484129482854,4.054605536477423,181.926489389416,No ,battle royale,PC1 
player5394,81.05771307149783,79.36963381502493,465.1732167887146,2.484559863496069,68.26211837729296,Nxxo,Strategy,PC
Playexxr2705,42.98395594079588,118.25179759429007,331.74909961085854,10.043797812176239,182.0014823920565,no,BATTLE ROYALE,
Player7833 ,78.04445078658493,168.28398869422972,262.88230386031915,1.6569732741455516,410.41214920918213,No,Advexxnture,
Playexxr1886,91.874960346222,163.85835181993681,456.28248851352595,2.350025377108318,181.7534952216507,Yes ,Casual,PC 
PLAYER8698,98.04673564518961,136.1798591316156,346.7042378480037,7.832910002399332,182.05207894150598,yes,BattlexxRoyale,mobile
Player8912,23.072623137479887,136.27329200006312,346.71080385866827,6.07071718930372,181.99133512314887,NO,BattlexxRoyale,Pc1
Player6604,66.0470988583709,,,,182.12975116939288,,strategy,Mobile 
Player4828 ,61.111433229966785,79.1790243451146,331.647413738258,6.215738808860805,5.4053515672795625,Nxxo,Adventure,Mobile
Player3007 ,91.04625057307136,78.98303916080476,331.51130219599156,8.149749071767571,182.04684054750487,Yes,BattleRoyale ,MOBILE
player2705,10.919447253116651,110.57847569266295,49.975121273556425,2.487108003857146,301.7302699476542,No,battleroyale,PxxC1
player1685,22.852621782308773,81.65809005149129,339.046621399586,7.005246259669832,151.01290716829325,Yes,Strategy,Mobile
Player9345,51.998239026531444,179.81746677450565,452.3520593150127,8.762224452251886,182.07292123114013,No,Casual,PxxC1
Player2397,46.03528938582164,154.18611530438682,50.60176270556113,2.9556878607025623,181.87172911562553,Nxxo,Adventure ,
PLAYER6541,44.93590962674069,72.82270994950376,331.67791206520576,2.422290327697853,57.97537419448446,No ,Battle royale,Console
PLAYER8624,99.87775180778836,167.32696659425721,346.8047872371556,4.270499766507573,182.0036072520801,Yes ,Battle Royale ,Tablet 
Player9447 ,27.13598448331622,17.148997095089918,331.4473128335974,9.674150160819048,182.16141434236184,Yxxes,Straxxtegy,Pc1
Player7152 ,27.062933398383702,81.27841611118343,465.1042426971231,7.901450322499407,182.03012692740248,Yes,Advexxnture,PxxC
Playexxr4651,84.97510809665877,85.56331388868622,50.68858471831581,2.136235981749956,181.96607118348558,no,Casxxual,Mobile
Player3943 ,82.99970537690878,154.02614484185924,50.79209335429201,5.704562462613103,182.01392021039922,no,Strategy,Pc
PLAYER5394,93.06980233562906,138.1467159565913,331.67827013008423,6.183325706653803,182.0525243654175,NO,Adventure ,Mobile 
Player3637 ,83.16318982199016,,,,331.8737708228767,,Battleroyale,Pc1
PLAYER8624,100.06552099408273,167.1456497302272,346.63358692701104,4.1441102895599515,181.99737968693037,Yes ,Battle Royale ,Tablet 
Player3007,60.9147093931794,79.23545995998965,465.1943186855536,2.506610298561945,182.05402774928848,No,strategy,CONSOLE
Playexxr7320,97.90107161850716,110.31404933813914,308.7082473306461,2.6034583762461025,182.01219201325222,Yes ,Strategy,PC1 
player7299,96.12201841363851,97.92925445655453,82.19133778395145,8.25640063571167,181.98041770545788,yes,strategy,PxxC
Player6122,17.95210880652735,52.61785826669804,228.5035122512446,2.60288856479627,181.95762378143547,No,Straxxtegy,PxxC
Player1889,87.7175790513487,52.50471149201105,228.54894135403555,6.451564657483635,181.95879636179157,Yes,BATTLEROYALE,Tablet
player6339,80.8843821668974,,,,181.87949704829057,,Battlexx Royale,
Player1987 ,33.15370052019708,153.96345808217893,50.69395629784069,4.362200352660503,181.9898975144064,Yes ,Battle Royale,console
PLAYER2259,97.06982422088922,5.533584371348035,456.4159379566193,6.84174396818112,181.9376488132066,yes,Adventure,Tabxxlet
player5394,81.17350839586608,79.19881610706933,465.1041241172056,2.1472169763875457,68.49746944351298,Nxxo,Strategy,PC
Player4865,46.02924171412518,173.1360918188849,263.0299337853677,1.1627593293495555,182.09039837425897,Yes,BATTLE ROYALE,Tabxxlet
Playexxr5697,73.0371339069338,163.7073540846314,456.57470999445985,1.936154730278729,181.9915476898773,Yes,Battle Royale ,PC1
Player8698 ,46.15532740094628,,,,181.89150016563562,,Casual ,mobile
Playexxr3673,92.05863368224468,30.62036244907082,453.8905587825933,3.3542653491802437,426.95083649560087,no,CASUAL,
Player1987 ,33.13462106191106,154.1528134436,50.743948743271915,4.214977439509684,182.0088330326808,Yes ,Battle Royale,console
Playexxr6918,61.99198712682027,87.45653035654766,331.5703283006547,9.953312121041394,223.43835400540524,Yes ,Adventure,mobile
Playexxr5394,63.07221411481311,77.21320132860913,327.3375955979005,5.022005690094475,78.47401861655553,YES,casual,PxxC
Player8074 ,48.00411127285501,17.091488510189357,49.78327574978263,9.42986252607069,3.3552914241339895,yes,Battlexx Royale,mobile
player7586,64.96174504381437,119.5971627501024,452.363484116731,4.467368049280236,182.0916678349055,Yxxes,Battle royale,mobile
Playexxr1886,18.76323508801146,42.95807909966677,346.45085401068957,4.067689321681992,182.08717953813252,YES,BATTLE ROYALE,PC
player5394,81.09498257501333,79.3574490586302,465.1821374997513,2.1304848081272043,68.67526851969326,Nxxo,Strategy,PC
Playexxr7320,46.026398720841655,87.40455759879623,49.877182255495974,5.6372171533657465,109.67858618641722,No ,Adventure ,
Playexxr1886,19.047613317698573,43.00558786694631,346.5531576444881,4.086191629034071,182.10842287944268,YES,BATTLE ROYALE,PC
player1987,78.94630015286808,160.00880555253076,228.4471635841344,8.008898135948339,182.08882337192924,No ,Battlexx Royale,PC1
Player8624,27.130368076386006,42.78730320882869,463.26665223742,9.28516147944635,182.20074170609206,YES,Strategy ,Mobile
Player3007,61.128505966371385,79.21300519746838,465.1793670613425,2.5836592271989125,181.74142892483604,No,strategy,CONSOLE
player1685,23.035862167709276,81.81474865029422,338.9502937107134,7.0974194201972445,150.91316125679782,Yes,Strategy,Mobile
player5394,81.04852929380863,79.3189117564376,465.19087119076215,2.3148451064737636,68.44024121284937,Nxxo,Strategy,PC
Playexxr6475,51.75217575035402,180.05162588298427,452.4499708711642,6.699016540391547,182.01788969995073,yes,battle royale,Pc1
Playexxr3673,92.01544474772385,30.87185220596507,453.91832400959555,3.4513004557792857,426.80352205025474,no,CASUAL,
PLAYER9266,55.19836356338203,84.01401049815871,331.66711190079786,2.0279755489259035,181.88753925053055,no,Strategy,PC 
Player4651,18.003002944079466,168.41332358831804,331.8558948740816,3.63595857025199,181.82557511281573,Yxxes,Adventure,PC1
player8074,80.92881524867612,138.09897001228697,331.8879517337231,2.1432015126435457,68.51608888921938,No ,Strategy,Pc
PLAYER5985,41.106465524665616,110.10320040261901,456.3676287445519,4.832259378645548,181.7460332516856,Yes,BattleRoyale,
Player8618 ,60.9279660634595,79.31343182268863,331.74509902303384,3.95994003869388,182.14980059067548,Yes,Battle royale,Mobile
Playexxr7299,99.82235248259092,151.8495884698912,325.36979095100315,6.05199094814474,181.91622584627427,Yxxes,Casual,MOBILE
PLAYER8074,72.00379613587829,170.54217094213024,452.1898815621005,8.075610592582327,182.09934684763775,yes,Adventure ,PxxC1
Playexxr4651,84.98442198920688,85.70607919055844,50.725279091942525,2.1730739692064267,182.06253869440303,no,Casxxual,Mobile
Player7833 ,78.08989363292265,168.28935012670826,263.0686455305629,1.562793028586537,410.2267794768905,No,Advexxnture,
player6622,92.05646086135675,110.58999022450801,452.37466774175823,4.379049834546304,182.13562872029783,Yes,BattleRoyale ,Console 
Playexxr6918,61.976121344881285,87.43546222520006,331.60981367400035,10.118859891287537,223.41602445852345,Yes ,Adventure,mobile
Player4654,31.88593600682207,59.5649208795654,331.64154956790765,9.518018203158508,185.4012345067647,Yxxes,BATTLEROYALE,CONSOLE
Player9345,51.92887270731033,180.09952331128736,452.27203748739055,8.634979646628983,182.12925192319685,No,Casual,PxxC1
Playexxr7382,90.94066975368209,145.66409679227752,49.89605007836639,6.064492225476151,83.53750243684779,YES,Advexxnture,Console 
player7586,39.265740269442524,163.8079568532652,228.16232351028913,2.516333414512036,178.54709798461238,Nxxo,Casual,Tablet
Player7833 ,78.04779191471887,168.2921289293819,262.79080148059035,1.6020862142823333,410.3811571051872,No,Advexxnture,
Player7833 ,77.86661330922453,168.29627427669334,262.8315990085974,1.636068622717896,410.4424451729171,No,Advexxnture,
PLAYER4407,72.76045780552491,48.52157913686913,452.3828303937315,6.348414050021799,181.94050771332226,No,STRATEGY,PxxC
Player9447 ,26.81899134560382,17.271909532247616,331.6173262820331,9.455709622643331,181.971263079673,Yxxes,Straxxtegy,Pc1
Player8457,99.11088796217757,85.58883712154193,492.85044369657703,2.1229099288750093,181.95292415864404,no,adventure,
Player6038,43.97170180614908,108.86682824484255,331.50294057797913,3.8379076191814145,182.05836292406983,Yxxes,BattlexxRoyale,PC1 
Player9345,52.17795111912922,179.8408960466341,452.5146564880636,8.762956013065729,182.02530554394224,No,Casual,PxxC1
player5697,15.939555503765186,77.1296613486016,346.71127842040784,7.5564360810321265,182.22480384787872,Yes,battleroyale,
player5936,50.146042373902915,42.895508945106194,50.6441901650056,9.157872579026803,364.90657774997845,No,Strategy,MOBILE
Playexxr5817,31.92216109571506,153.99866958858001,50.5805358555989,8.740268752005184,182.07474974059124,Yes ,casual,Tabxxlet
player5394,81.12536339962895,78.96904321430021,465.0827419627705,2.288057986826746,68.26550704244825,Nxxo,Strategy,PC
Player9345,51.9934950938106,179.9204695989325,452.4969360263304,8.695610982471305,182.21426684943512,No,Casual,PxxC1
player3679,44.03000226111644,,,,181.95826102177455,,ADVENTURE,PC1 
Player1889,88.0925706416028,52.4780694396176,228.46732565333002,6.439953080781246,182.05745699485695,Yes,BATTLEROYALE,Tablet
Player4865,46.03471807074304,173.11918233657838,263.0533243538658,1.1537934787259945,182.0153951204975,Yes,BATTLE ROYALE,Tabxxlet
Player9345,51.982155832141636,179.85784578086714,452.3831011026996,8.947524841397918,182.08898985975287,No,Casual,PxxC1
Playexxr5394,63.09185657726501,77.1589694006639,327.07069779782887,4.737033137162901,78.40852790051622,YES,casual,PxxC
Player1294 ,99.94295211360414,167.09202959110488,465.2833995080121,4.081344964092845,181.8415676994754,Yxxes,Casxxual,PC 
Player6122,18.090214002653347,52.48543742762965,228.39074065640938,2.447229277659392,181.8630841721941,No,Straxxtegy,PxxC
player5394,80.9792732280914,79.13255996194474,465.2447366174098,2.258158209398805,68.49201053801217,Nxxo,Strategy,PC
player4407,40.93090049983831,151.66948757348771,452.54209448966833,6.176677365185678,181.74784810790666,No,Strategy,Mobxxile
Player8912,22.909536905456548,136.18967196270813,346.799685631316,6.034418796411789,182.04718508928633,NO,BattlexxRoyale,Pc1
Player4865,46.07039766253241,173.13589401394157,262.9932808953416,1.2326377565785236,181.819309740942,Yes,BATTLE ROYALE,Tabxxlet
Playexxr5697,72.9105971642683,163.8843466831421,456.682614758792,1.9709924902382554,181.99273152808223,Yes,Battle Royale ,PC1
Player9345,52.04316755439105,179.7863461694745,452.3241293826307,8.767378861117038,181.82973046836545,No,Casual,PxxC1
PLAYER6541,44.83186064315393,72.77155122147893,331.5625609133138,2.1890871057495187,58.11953294099367,No ,Battle royale,Console
player3679,44.02153635993124,,,,182.0398933873057,,ADVENTURE,PC1 
Player8074 ,48.025198384742524,17.162881145023203,49.85361766423335,9.278029706372228,3.3596269913606003,yes,Battlexx Royale,mobile
Player7382,66.12145270922052,48.47605102866849,465.2619679739938,4.197471732050059,181.9795958792311,No ,battle royale,PC1 
Player9447 ,26.81140798897326,17.188689606123972,331.6368657602852,9.60751205186598,182.19692758556846,Yxxes,Straxxtegy,Pc1
PLAYER1294,70.96516872848485,140.55880072125447,262.74349848992154,6.862759114396739,58.828735071013654,Yes ,Strategy,Tabxxlet
Player8698 ,45.96683993554539,,,,181.99469957965408,,Casual ,mobile
PLAYER8074,71.917567338335,170.4934581779136,452.3455062086224,8.068674711219487,182.1130156033916,yes,Adventure ,PxxC1
Player8618 ,60.99047663948339,79.29945282644475,331.67329098136304,3.79068042385036,181.85261186038863,Yes,Battle royale,Mobile
Playexxr1886,19.05227331599769,43.0040502598743,346.68918807016274,3.9424087967960246,182.20381273949826,YES,BATTLE ROYALE,PC
Player2397,45.967055146400675,154.05886363037686,50.648318559651365,2.9301119251896983,182.06946686050924,Nxxo,Adventure ,
Player1294 ,100.05341781892773,166.99793539420202,465.1698915183167,4.0714464120428335,182.04331468271772,Yxxes,Casxxual,PC 
Playexxr7320,45.97949694197334,87.4409776275302,49.80406973373484,5.6576825445593055,109.79083017670948,No ,Adventure ,
Player9345,52.14157320534778,179.83693434515024,452.34823390777035,8.784286968334898,181.95598551605644,No,Casual,PxxC1
player9345,73.03760694470064,145.52989258283753,452.3709356068245,6.198222665639866,182.15843030141835,No,adventure,Tabxxlet
Playexxr7320,45.901006679309575,87.35548139822365,49.84668192336093,5.752929081671353,109.7454533506131,No ,Adventure ,
Player6604,65.92714258546758,,,,181.82771018076284,,strategy,Mobile 
Player1294,27.769359805825395,72.75376307951912,331.63851339763903,2.333504199394504,32.63194146683348,Yxxes,Casual,
Playexxr7059,41.06881339606156,52.52828930945856,228.38717016742163,3.3200838658900644,182.0579938030401,Nxxo,Casual,PxxC1
Player6122,17.997326629919687,52.54360499714997,228.5445564124834,2.5270291237132154,181.98035985425977,No,Straxxtegy,PxxC
Player3007,60.986998833769135,79.26693206687264,465.1051455290401,2.513637216838896,181.97347912251524,No,strategy,CONSOLE
Player9053,49.96655891213236,145.4853289029744,49.81419509247171,4.118890143611278,182.03344502183478,Yes,BattlexxRoyale,Console
player8074,48.02635336944138,142.26054221315033,387.5597580009857,8.21947085954243,181.93162955623845,NO,Battle royale,Mobile
PLAYER8074,71.90725110539624,170.5695940918008,452.32264373783573,8.164239100458447,181.97667234245102,yes,Adventure ,PxxC1
Playexxr7059,41.014944757307745,52.360919018791286,228.4852373348129,3.4365290822812553,182.13081055772804,Nxxo,Casual,PxxC1
Playexxr7059,41.05700678058132,52.61283950976867,228.51448973589973,3.2407217932025945,181.95838560930176,Nxxo,Casual,PxxC1
player5936,49.948376573133324,42.831945022084284,50.5557921844559,9.03586432045111,364.9374322052621,No,Strategy,MOBILE
player6356,93.90118325990609,33.01444552393817,49.9651852165898,1.1457567676841918,138.51570668415744,Yes,battle royale,CONSOLE
Player5985 ,1.0915809586315626,121.95052307045287,50.73984950623138,2.783989866034927,229.94343747861754,no,Battle royale,
Player3007,61.13755403841538,79.04192637061689,465.3175060431127,2.3630657256366963,182.2006921469063,No,strategy,CONSOLE
Playexxr1886,19.099537288625818,43.09154433834099,346.54366935542225,3.9677467247613323,182.00098399584007,YES,BATTLE ROYALE,PC
player3679,43.88232525221522,,,,182.07425109317964,,ADVENTURE,PC1 
Player1889,88.08356541206578,52.56637953657651,228.50986719017928,6.529956651576515,182.08372055632574,Yes,BATTLEROYALE,Tablet
PLAYER7059,71.05264474525691,48.2697432894663,492.6521092616638,4.831018277780508,182.11208983300742,No,Adventure ,Tabxxlet
Playexxr7059,41.16871102865629,52.52187685146724,228.46758352899298,3.4750142257997805,181.9423835101964,Nxxo,Casual,PxxC1
player3784,45.96154569359463,87.20927734718693,49.83144321048128,3.780721144157094,181.8962191892797,Yxxes,Adventure ,MOBILE
Player9447 ,27.03303925370949,17.24656869250564,331.52945632703614,9.479397391299822,182.10080903467195,Yxxes,Straxxtegy,Pc1
Player1987 ,33.08365866138682,154.08459111835913,50.591480263224064,4.310747868656435,182.03821675401704,Yes ,Battle Royale,console
Player8618 ,61.05996455655299,79.17710295886062,331.8446903033853,3.8011075703026753,181.9818701654471,Yes,Battle royale,Mobile
player4407,41.00308305683922,152.00155967005762,452.4920687066655,6.062736505256689,182.06850199037095,No,Strategy,Mobxxile
Player8618 ,60.928429785042084,79.04479496331177,331.69311819429083,3.7265162048466065,182.1006988184833,Yes,Battle royale,Mobile
Player9364,16.086385842950218,151.82505991022182,452.3631215164109,4.5423728866761355,181.8799717962537,NO,Strategy ,PC 
PLAYER4654,75.04740160813517,33.019838201206895,50.076413655315704,1.3284948077200034,181.90311084704317,Yes,adventure,PxxC
player5697,16.035095678899815,77.15150562469923,346.7772770934098,7.755539784636131,181.8560928196346,Yes,battleroyale,
Player9053,49.90718801899896,145.6956686076952,49.909459383771434,4.140661022315819,182.05371373476694,Yes,BattlexxRoyale,Console
Player5394,100.01943195130323,172.4799873591837,492.77288727919347,2.7872468339076115,181.9992969947671,No,casual,
PLAYER8374,23.13512137144163,72.68276888334233,331.82233572763056,2.0504833463434107,395.17804585992025,Yes ,BattleRoyale ,Conxxsole
PLAYER1294,71.01886104215866,140.44971761003274,263.0556880762418,7.066037609348587,58.97864811325567,Yes ,Strategy,Tabxxlet
Playexxr9345,41.006699296885834,,,,182.0959697156816,,CASUAL,Mobile
Player9266 ,3.985845575830088,112.91403744178143,346.6312745731293,4.046483147876729,182.1367004790393,no,Casual,PC 
player4407,40.971750091506244,151.7478588409038,452.4943010807973,6.299300469699623,182.02311989982124,No,Strategy,Mobxxile
Playexxr4651,85.0416399614754,85.37198676090001,50.60121407909489,2.010452283351136,181.98610760275466,no,Casxxual,Mobile
player4707,55.073772659265416,,,,181.88659532307489,,Battle Royale ,
Playexxr8457,69.92857764859524,30.704360544866265,492.91949628381695,2.776836692388462,218.25095094117026,NO,BattleRoyale ,
player3679,44.092000088623514,,,,182.067448566222,,ADVENTURE,PC1 
PLAYER8698,98.01599214829159,136.19959090058845,346.8952287165679,7.560365554219613,182.08738194629015,yes,BattlexxRoyale,mobile
PLAYER8074,72.07196341311577,170.55816659304892,452.4717380191293,8.11658528660499,182.20281014253632,yes,Adventure ,PxxC1
player4407,41.218495929149235,151.8847466503245,452.31819476303656,6.192523809009541,182.2250477474711,No,Strategy,Mobxxile
player8940,17.15996430981076,,,,182.1633983985518,,Casual ,tablet
Player7105 ,38.99870101511047,43.00905929444795,50.525128398991676,9.336888004847989,181.99478854981956,Yes ,Casual,PC1
Player6122,18.05770224011641,52.467244971252796,228.41287296043748,2.6370277302330734,181.99027400122867,No,Straxxtegy,PxxC
Player1507,26.91065928970351,81.29946527879437,492.8058321248686,8.160423931007442,181.95032821303033,NO,Straxxtegy,Conxxsole
PLAYER8074,72.03945692081881,170.4585316501584,452.4109296906366,8.162367441455098,181.98123339016996,yes,Adventure ,PxxC1
player8074,80.89637446086991,138.23063928631623,331.6578884878411,2.2265290840281105,68.52326138431776,No ,Strategy,Pc
PLAYER7059,70.86025838712193,48.121202315959884,492.8481224337913,4.912699290376602,182.10542144655378,No,Adventure ,Tabxxlet
Player1987 ,33.11448159852647,153.9319853607061,50.810995041592136,4.183884481154382,182.14330824071664,Yes ,Battle Royale,console
Player7413 ,27.070285251363817,77.54230582990671,452.4704739586212,4.3931175108049025,281.7851147085002,NO,Straxxtegy,
PLAYER7059,71.10161698298819,48.407522200230254,492.7431959858814,4.893406514636927,181.99802782995928,No,Adventure ,Tabxxlet
Player1507,26.923376281247187,81.24524210157755,492.51817668916715,8.095226870213267,181.9319920245243,NO,Straxxtegy,Conxxsole
Playexxr1886,18.986973267108056,42.748488780914876,346.6335370426962,4.129935848400945,181.85346678866352,YES,BATTLE ROYALE,PC
Playexxr7299,99.87824215641683,151.75961028040325,325.3929342557087,6.1684220589068355,181.79574741003628,Yxxes,Casual,MOBILE
Playexxr7320,45.99787318964087,87.10461991284716,49.84414857572359,5.61114811896909,109.78623776030797,No ,Adventure ,
Player1294 ,99.94459560398643,167.198433299011,465.0856482399988,4.08537093811024,181.7400969047038,Yxxes,Casxxual,PC 
Player3007 ,90.96241266863532,79.19948884181845,331.6632075951956,8.260508240470928,181.869670976676,Yes,BattleRoyale ,MOBILE
PLAYER3824,94.07421204303527,107.7671622126596,331.5846653456807,2.268581769748216,181.91334481607322,No,BATTLE ROYALE,Mobile 
Player1294,27.968855669473633,72.81449900666745,331.4498673367322,2.2380108163753114,32.64953986867533,Yxxes,Casual,
Player7586,32.95858944036616,121.29876153139178,387.826451349201,1.4474615637049728,181.90476393665233,Yxxes,Battle royale,console
Player7152 ,27.049324594950548,81.36788380597385,465.0934972127855,7.975388293107169,181.9621844047306,Yes,Advexxnture,PxxC
Player1889,87.94107410150876,52.583778178878724,228.4867066006161,6.522686575123169,181.98707752423263,Yes,BATTLEROYALE,Tablet
player4707,55.08780318481858,,,,182.04769512774334,,Battle Royale ,
player5936,49.84455576554741,42.92773386625927,50.714567418967185,9.15429004835464,364.7382403219551,No,Strategy,MOBILE
Playexxr7382,91.15282456026351,145.80736554882031,49.939329457484114,6.2118102743933195,83.5485907342211,YES,Advexxnture,Console 
Playexxr5817,32.15309194858376,154.25224005413503,50.573340920531365,8.734106721693538,182.14991630684557,Yes ,casual,Tabxxlet
PLAYER8457,96.07536961044555,91.17722607586849,49.80971712440297,2.4275368870499037,181.9935000110685,Yxxes,Adventure,PxxC1
player1685,23.087470689720618,81.6676426699219,338.8884381261631,6.866436724841921,151.0790462714738,Yes,Strategy,Mobile
Player5394 ,97.9053495710959,,,,182.1032574501568,,Casual,CONSOLE
Player8624,27.108023656070998,42.89071369901663,463.1228985749147,9.163582789672049,182.19019303704945,YES,Strategy ,Mobile
Playexxr6918,62.11364217808861,87.30793271782213,331.57226358948253,9.788085065593691,223.5749478788925,Yes ,Adventure,mobile
PLAYER8624,100.08330337056812,167.019505747188,346.70679885077266,4.2630858952841155,182.0978468697981,Yes ,Battle Royale ,Tablet 
Playexxr1886,91.84461263834335,163.73520258633854,456.49235745209074,2.6395185893014474,181.8813547506109,Yes ,Casual,PC 
Playexxr8457,69.97609355740772,30.624404204490826,492.79448521538546,2.8190349251149107,218.24512996675296,NO,BattleRoyale ,
Player1987 ,33.00938829344724,154.1666955655672,50.5966312429328,4.117222283707108,182.10026747399866,Yes ,Battle Royale,console
Player4394 ,22.954415654249456,25.483304540001832,452.3465854808316,8.10746217427893,182.18617188039005,Yxxes,Strategy,pc1
Playexxr7059,40.91242366496477,52.51655005836718,228.50311686075233,3.470985163631824,182.03980756048261,Nxxo,Casual,PxxC1
Player1889,88.04585405281472,52.4717699727235,228.29620283683747,6.619239960479266,182.15978891721497,Yes,BATTLEROYALE,Tablet
player2705,11.109307148442719,110.460899697173,49.848968046217365,2.471838790294013,301.6496988369966,No,battleroyale,PxxC1
Player6604,66.05088611173987,,,,181.90507329282335,,strategy,Mobile 
Playexxr9345,40.868835724429545,,,,181.87812436078232,,CASUAL,Mobile
PLAYER6541,44.98120291990549,72.66948808563976,331.5342099842786,2.2922290930539235,58.13046705049906,No ,Battle royale,Console
Player8618 ,60.9606680288077,79.28491016928021,331.649670017279,3.7436745681993298,182.06257605483262,Yes,Battle royale,Mobile
Playexxr5697,72.94782364807921,163.9028862445431,456.35963277611324,1.897629876650206,181.9172332432243,Yes,Battle Royale ,PC1
Player1294 ,99.81819721749689,167.104381669664,465.2450995321943,4.233091798035509,182.05576456099192,Yxxes,Casxxual,PC 
PLAYER8624,100.0951194704707,167.11086508501927,346.5189192544027,4.027132342699605,182.09057104446046,Yes ,Battle Royale ,Tablet 
PLAYER7059,70.96958921870414,48.181817610949125,492.9515878932542,4.8253031500266665,181.9855668666187,No,Adventure ,Tabxxlet
player2705,11.064861560318574,110.5394913893123,49.815515185352666,2.292209588034245,301.6005809977921,No,battleroyale,PxxC1
player8940,16.83141039505249,,,,182.06429706525705,,Casual ,tablet
Player6122,18.001102546088866,52.72411909304639,228.32727573714993,2.4570497583674182,182.12928719643077,No,Straxxtegy,PxxC
Player1507,27.031440739402484,81.42667949008039,492.5773287748712,7.955929735767351,181.91007055949999,NO,Straxxtegy,Conxxsole
PLAYER1294,70.9002489465593,140.53282151175546,262.93765229235254,6.97266368179173,58.87739115288597,Yes ,Strategy,Tabxxlet
player6356,93.99079258321534,32.95406578930761,49.90872497985974,1.2433067563672033,138.31038328499844,Yes,battle royale,CONSOLE
Player3007 ,90.9912805681852,79.13458689740831,331.4182691733075,8.471338188115997,182.1073619035391,Yes,BattleRoyale ,MOBILE
PLAYER1294,70.99715261074361,140.46985777136484,262.9121976126791,6.886607057743798,58.89704570408447,Yes ,Strategy,Tabxxlet
player5697,15.853581175793337,77.113832064743,346.9210265990454,7.777468990200114,181.8074482925805,Yes,battleroyale,
Player8912,22.954035728829673,136.1744066167389,346.8244698687457,6.067372299829736,181.94263208339348,NO,BattlexxRoyale,Pc1
player8074,81.01598376800368,138.24639003304273,331.530088867635,2.299901198867467,68.55268160329366,No ,Strategy,Pc
PLAYER8374,22.78377734314565,72.89570455361387,331.71733728825353,2.2648245695562546,395.35796067971233,Yes ,BattleRoyale ,Conxxsole
Player7152 ,26.958599480420606,81.43402176786928,465.107050319253,7.870973238401338,181.8170090361265,Yes,Advexxnture,PxxC
Player8457,99.01999505332346,85.47210464842122,492.59881419890957,2.004338377687545,181.98537048578564,no,adventure,
PLAYER8624,99.96346648567028,167.19900934341157,346.4834312644621,4.273843396647896,182.1040542941388,Yes ,Battle Royale ,Tablet 
Playexxr5817,31.98359818300152,154.06165224878856,50.68948319337193,8.83159501694714,181.8504549262237,Yes ,casual,Tabxxlet
PLAYER8624,100.05997309013078,167.2840283152862,346.7352532423786,4.20353993169106,182.02215871454274,Yes ,Battle Royale ,Tablet 
Player6339,29.03367233035464,140.5180527321848,262.9341746389856,6.990480185049944,276.4451100451413,No,strategy,Mobile
Player7105 ,39.02371819820197,43.10606964104495,50.54073284561881,9.054682716670193,181.89947192347574,Yes ,Casual,PC1
player6918,98.98438268418487,48.31105444719923,492.8014877743873,2.721513205527204,182.01577595271786,Yes,Battlexx Royale,PxxC
Playexxr7320,55.16228798264547,84.31092365771663,452.3744280898908,2.0613434126735775,182.1039899311338,No,STRATEGY,Console
Player7586,32.949582555162436,121.36130121866394,387.7469219017997,1.600141679298664,182.09103282024435,Yxxes,Battle royale,console
player6622,92.08212708926004,110.63197714536344,452.4443622983765,4.523435023145262,181.9607688351865,Yes,BattleRoyale ,Console 
player6356,93.81147161397838,33.18658510086257,49.795472367700896,1.308010863849083,138.51105334740117,Yes,battle royale,CONSOLE
PLAYER5394,93.06350339102957,138.29948479228202,331.7007947387495,6.322032904800007,181.934953599975,NO,Adventure ,Mobile 
player8940,17.11308112175551,,,,182.12008662386057,,Casual ,tablet
Player3673 ,46.020920802218654,25.460472858018843,452.5225667865668,8.792950408605623,108.67950774442217,Yxxes,battle royale,Mobile
Playexxr2705,43.06425139289848,118.39453161041158,331.73792088873836,9.908529151268283,182.0710292425389,no,BATTLE ROYALE,
PLAYER5394,58.127283734723505,167.11211606420682,465.03180884601977,2.5340996479228397,182.17197626827817,No,Adventure ,
Player3007 ,91.13039663355822,79.25466170481147,331.47516643452684,8.183556657101242,181.94465601464847,Yes,BattleRoyale ,MOBILE
Player9364,15.984616495526632,151.84324480370975,452.3298187576023,4.562727948013261,181.94422646728356,NO,Strategy ,PC 
Player3007 ,90.9629712957557,79.26832157829922,331.58794149028097,8.114099727586478,181.96195681999134,Yes,BattleRoyale ,MOBILE
PLAYER2259,97.09879829843386,5.553972884087097,456.5400544125204,6.588279244666931,182.12013727949088,yes,Adventure,Tabxxlet
Playexxr6410,54.06724220175128,81.23123438667551,492.77263889924797,8.044071924114478,181.85350682800168,Nxxo,casual,MOBILE
player2705,11.000831072244333,110.54993320112249,50.00119313180362,2.498089512711341,301.6942611090914,No,battleroyale,PxxC1
Player1507,27.09131670426731,81.4066601847015,492.6971196257123,8.084742177952531,182.00727283910862,NO,Straxxtegy,Conxxsole
Player6122,72.17683992179941,163.7716595327391,456.2916099012344,1.9901563452180078,332.77076113502943,Yes,Strategy ,Console 
Playexxr1886,92.12189800222808,163.86866205166544,456.29411816562,2.454304669752709,182.06248384303666,Yes ,Casual,PC 
Player7413 ,27.043914906617843,77.63461685585169,452.40815420101075,4.293123588696934,281.6477272287882,NO,Straxxtegy,
Player5394,99.93060812237309,172.42139772627488,492.7008653869823,2.8743370369402026,182.03479834845436,No,casual,
Player3007 ,90.92301865259542,79.12809305762111,331.50741382942033,8.337408967241004,182.01637826024896,Yes,BattleRoyale ,MOBILE
player2705,11.124054362964133,110.55216107590765,49.79356563649819,2.5610733767988965,301.6657900067134,No,battleroyale,PxxC1
PLAYER7105,48.999445378540806,77.31280811645026,327.2896021211066,5.070665118932813,259.8741041583463,yes,casual,pc
PLAYER8074,71.95458768668551,170.84013136361278,452.2406934929957,7.967905867867738,182.0476571305427,yes,Adventure ,PxxC1
Playexxr4651,84.93718137359082,85.53904541932805,50.67706169301279,2.041220737862209,181.95275620931687,no,Casxxual,Mobile
player8698,98.90981899023495,60.936404462930795,418.7813693975132,6.799410818349891,240.9801983329201,no,battleroyale,Tablet 
Playexxr7320,55.31218662977585,84.0785982830379,452.30667391355263,2.1492588225387372,181.92628929433832,No,STRATEGY,Console
Player6038,43.90249709625669,108.84966469825466,331.5875613632118,3.6963086208687064,182.02579521886415,Yxxes,BattlexxRoyale,PC1 
PLAYER8374,23.108177880617344,72.54438806269583,331.69970756294686,2.289567889525418,395.1228128022564,Yes ,BattleRoyale ,Conxxsole
Player3003,91.13402401266187,79.22227769094845,465.19402352240525,6.210426104298588,83.53022597784454,Yes,adventure,Mobxxile
Playexxr6475,52.02974044311139,179.80861655731866,452.4140902321207,6.5347722586777985,181.99272969039185,yes,battle royale,Pc1
Player8074 ,48.03077949268309,16.883479923101497,49.87157857965293,9.244105460759243,3.350036123169289,yes,Battlexx Royale,mobile
player6356,93.773791186944,33.01057125102696,49.868553464445625,1.226040712528862,138.4700009607109,Yes,battle royale,CONSOLE
Player6122,71.98603450502205,163.8106962161517,456.4791993007257,1.9439501942932276,332.69022512989363,Yes,Strategy ,Console 
Player4865,46.151534935983015,173.20595292151506,263.0009230428249,1.1819678068179629,181.93087119258885,Yes,BATTLE ROYALE,Tabxxlet
Player4865,45.994915849002254,173.2274455400756,262.67319434665507,1.112632821231167,181.78800931990142,Yes,BATTLE ROYALE,Tabxxlet
Player9266 ,4.061239103315203,112.86158599275545,346.59775385952645,3.889392536644859,182.04438688731216,no,Casual,PC 
Playexxr6410,54.00986497531185,81.25107950534405,492.937675096053,8.109543018239654,181.9127707651459,Nxxo,casual,MOBILE
